USE `UCAACP`;
-- 需要SQL版本5.0及以上
-- Dumping data for table `user`
LOCK TABLES `user` WRITE;
DELETE FROM `user` WHERE TRUE;
/*!40000 ALTER TABLE `user` DISABLE KEYS */;
INSERT INTO `user` VALUES ('adm201001','','','陈雪峰','Adm2010!',1,340000,'安徽大学','学生工作处',NULL,3,'心理部负责人','chenxf@ahu.edu.cn','13656010001','125678001','chen_xuefeng','2025-10-15 19:22:00'),
                          ('adm201202','','','林玉华','Adm2012!',2,340000,'安徽大学','团委',NULL,3,'心理部负责人','linyh@ahu.edu.cn','13656010002','125678002','lin_yuhua','2025-10-15 19:22:00'),
                          ('adm201403','','','黄志强','Adm2014!',1,340000,'安徽大学','教务处',NULL,3,'心理部负责人','huangzhq@ahu.edu.cn','13656010003','125678003','huang_zq','2025-10-15 19:22:00'),
                          ('stu2021001','','','张明辉','Stu2021!',1,340000,'安徽大学','哲学学院','应用心理学',1,'学生','zhangmh2021@ahu.edu.cn','13856010001','245678001','zhangmh_2021','2025-10-15 19:22:00'),
                          ('stu2021002','','','李雪','Stu2021!',2,340000,'安徽大学','哲学学院','应用心理学',1,'学生','lixue2021@ahu.edu.cn','13856010002','245678002','lixue_psy','2025-10-15 19:22:00'),
                          ('stu2021003','','','王浩','Stu2021!',1,340000,'安徽大学','哲学学院','应用心理学',1,'学生','wanghao2021@ahu.edu.cn','13856010003','245678003','wanghao_2021','2025-10-15 19:22:00'),
                          ('stu2021004','','','刘芳','Stu2021!',2,340000,'安徽大学','哲学学院','应用心理学',1,'学生','liufang2021@ahu.edu.cn','13856010004','245678004','liufang_psy','2025-10-15 19:22:00'),
                          ('stu2021005','','','赵阳','Stu2021!',1,340000,'安徽大学','哲学学院','应用心理学',1,'学生','zhaoyang2021@ahu.edu.cn','13856010005','245678005','zhaoyang_2021','2025-10-15 19:22:00'),
                          ('stu2021006','','','陈静','Stu2021!',2,340000,'安徽大学','文学院','汉语言文学',1,'学生','chenjing2021@ahu.edu.cn','13856010006','245678006','chenjing_lang','2025-10-15 19:22:00'),
                          ('stu2021007','','','吴杰','Stu2021!',1,340000,'安徽大学','文学院','汉语言文学',1,'学生','wujie2021@ahu.edu.cn','13856010007','245678007','wujie_2021','2025-10-15 19:22:00'),
                          ('stu2021008','','','郑婷','Stu2021!',2,340000,'安徽大学','文学院','汉语言文学',1,'学生','zhengting2021@ahu.edu.cn','13856010008','245678008','zhengting_lang','2025-10-15 19:22:00'),
                          ('stu2021009','','','孙鹏','Stu2021!',1,340000,'安徽大学','数学科学学院','数学与应用数学',1,'学生','sunpeng2021@ahu.edu.cn','13856010009','245678009','sunpeng_math','2025-10-15 19:22:00'),
                          ('stu2021010','','','周琳','Stu2021!',2,340000,'安徽大学','数学科学学院','数学与应用数学',1,'学生','zhoul2021@ahu.edu.cn','13856010010','245678010','zhoul_math','2025-10-15 19:22:00'),
                          ('stu2021011','','','徐亮','Stu2021!',1,340000,'安徽大学','数学科学学院','信息与计算科学',1,'学生','xuliang2021@ahu.edu.cn','13856010011','245678011','xuliang_math','2025-10-15 19:22:00'),
                          ('stu2021012','','','马丽','Stu2021!',2,340000,'安徽大学','数学科学学院','信息与计算科学',1,'学生','mali2021@ahu.edu.cn','13856010012','245678012','mali_math','2025-10-15 19:22:00'),
                          ('stu2021013','','','朱强','Stu2021!',1,340000,'安徽大学','计算机科学与技术学院','计算机科学与技术',1,'学生','zhuqiang2021@ahu.edu.cn','13856010013','245678013','zhuqiang_cs','2025-10-15 19:22:00'),
                          ('stu2021014','','','胡敏','Stu2021!',2,340000,'安徽大学','计算机科学与技术学院','计算机科学与技术',1,'学生','humin2021@ahu.edu.cn','13856010014','245678014','humin_cs','2025-10-15 19:22:00'),
                          ('stu2021015','','','郭伟','Stu2021!',1,340000,'安徽大学','计算机科学与技术学院','软件工程',1,'学生','guowei2021@ahu.edu.cn','13856010015','245678015','guowei_se','2025-10-15 19:22:00'),
                          ('stu2021016','','','林燕','Stu2021!',2,340000,'安徽大学','计算机科学与技术学院','软件工程',1,'学生','linyan2021@ahu.edu.cn','13856010016','245678016','linyan_se','2025-10-15 19:22:00'),
                          ('stu2021017','','','何勇','Stu2021!',1,340000,'安徽大学','管理学院','工商管理',1,'学生','heyong2021@ahu.edu.cn','13856010017','245678017','heyong_mgmt','2025-10-15 19:22:00'),
                          ('stu2021018','','','高静','Stu2021!',2,340000,'安徽大学','管理学院','工商管理',1,'学生','gaojing2021@ahu.edu.cn','13856010018','245678018','gaojing_mgmt','2025-10-15 19:22:00'),
                          ('stu2021019','','','罗军','Stu2021!',1,340000,'安徽大学','管理学院','会计学',1,'学生','luojun2021@ahu.edu.cn','13856010019','245678019','luojun_acc','2025-10-15 19:22:00'),
                          ('stu2021020','','','谢婷','Stu2021!',2,340000,'安徽大学','管理学院','会计学',1,'学生','xieting2021@ahu.edu.cn','13856010020','245678020','xieting_acc','2025-10-15 19:22:00'),
                          ('stu2022001','','','黄志强','Stu2022!',1,340000,'安徽大学','经济学院','经济学',1,'学生','huangzhq2022@ahu.edu.cn','13856010021','245678021','huangzhq_eco','2025-10-15 19:22:00'),
                          ('stu2022002','','','杨雪','Stu2022!',2,340000,'安徽大学','经济学院','经济学',1,'学生','yangxue2022@ahu.edu.cn','13856010022','245678022','yangxue_eco','2025-10-15 19:22:00'),
                          ('stu2022003','','','吴子轩','Stu2022!',1,340000,'安徽大学','经济学院','金融学',1,'学生','wuzixuan2022@ahu.edu.cn','13856010023','245678023','wuzixuan_fin','2025-10-15 19:22:00'),
                          ('stu2022004','','','郑佳琪','Stu2022!',2,340000,'安徽大学','经济学院','金融学',1,'学生','zhengjq2022@ahu.edu.cn','13856010024','245678024','zhengjq_fin','2025-10-15 19:22:00'),
                          ('stu2022005','','','王浩宇','Stu2022!',1,340000,'安徽大学','法学院','法学',1,'学生','wanghy2022@ahu.edu.cn','13856010025','245678025','wanghy_law','2025-10-15 19:22:00'),
                          ('stu2022006','','','刘思雨','Stu2022!',2,340000,'安徽大学','法学院','法学',1,'学生','liusy2022@ahu.edu.cn','13856010026','245678026','liusy_law','2025-10-15 19:22:00'),
                          ('stu2022007','','','陈明','Stu2022!',1,340000,'安徽大学','新闻传播学院','新闻学',1,'学生','chenming2022@ahu.edu.cn','13856010027','245678027','chenming_jour','2025-10-15 19:22:00'),
                          ('stu2022008','','','赵雅琪','Stu2022!',2,340000,'安徽大学','新闻传播学院','新闻学',1,'学生','zhaoyq2022@ahu.edu.cn','13856010028','245678028','zhaoyq_jour','2025-10-15 19:22:00'),
                          ('stu2022009','','','孙伟','Stu2022!',1,340000,'安徽大学','新闻传播学院','广告学',1,'学生','sunwei2022@ahu.edu.cn','13856010029','245678029','sunwei_adv','2025-10-15 19:22:00'),
                          ('stu2022010','','','周琳','Stu2022!',2,340000,'安徽大学','新闻传播学院','广告学',1,'学生','zhoul2022@ahu.edu.cn','13856010030','245678030','zhoul_adv','2025-10-15 19:22:00'),
                          ('stu2022011','','','吴宇航','Stu2022!',1,340000,'安徽大学','物理与材料科学学院','物理学',1,'学生','wuyh2022@ahu.edu.cn','13856010031','245678031','wuyh_phy','2025-10-15 19:22:00'),
                          ('stu2022012','','','马晓雨','Stu2022!',2,340000,'安徽大学','物理与材料科学学院','物理学',1,'学生','maxy2022@ahu.edu.cn','13856010032','245678032','maxy_phy','2025-10-15 19:22:00'),
                          ('stu2022013','','','朱明','Stu2022!',1,340000,'安徽大学','化学化工学院','化学',1,'学生','zhuming2022@ahu.edu.cn','13856010033','245678033','zhuming_chem','2025-10-15 19:22:00'),
                          ('stu2022014','','','胡文静','Stu2022!',2,340000,'安徽大学','化学化工学院','化学',1,'学生','huwj2022@ahu.edu.cn','13856010034','245678034','huwj_chem','2025-10-15 19:22:00'),
                          ('stu2022015','','','郭峰','Stu2022!',1,340000,'安徽大学','生命科学学院','生物技术',1,'学生','guofeng2022@ahu.edu.cn','13856010035','245678035','guofeng_bio','2025-10-15 19:22:00'),
                          ('stu2022016','','','林小雨','Stu2022!',2,340000,'安徽大学','生命科学学院','生物技术',1,'学生','linxy2022@ahu.edu.cn','13856010036','245678036','linxy_bio','2025-10-15 19:22:00'),
                          ('stu2023001','','','徐亮','Stu2023!',1,340000,'安徽大学','电子信息工程学院','电子信息工程',1,'学生','xuliang2023@ahu.edu.cn','13856010037','245678037','xuliang_ee','2025-10-15 19:22:00'),
                          ('stu2023002','','','高婷','Stu2023!',2,340000,'安徽大学','电子信息工程学院','电子信息工程',1,'学生','gaoting2023@ahu.edu.cn','13856010038','245678038','gaoting_ee','2025-10-15 19:22:00'),
                          ('stu2023003','','','罗浩','Stu2023!',1,340000,'安徽大学','电子信息工程学院','通信工程',1,'学生','luohao2023@ahu.edu.cn','13856010039','245678039','luohao_comm','2025-10-15 19:22:00'),
                          ('stu2023004','','','谢雨桐','Stu2023!',2,340000,'安徽大学','电子信息工程学院','通信工程',1,'学生','xieyt2023@ahu.edu.cn','13856010040','245678040','xieyt_comm','2025-10-15 19:22:00'),
                          ('stu2023005','','','黄志强','Stu2023!',1,340000,'安徽大学','外语学院','英语',1,'学生','huangzhq2023@ahu.edu.cn','13856010041','245678041','huangzhq_eng','2025-10-15 19:22:00'),
                          ('stu2023006','','','杨佳琪','Stu2023!',2,340000,'安徽大学','外语学院','英语',1,'学生','yangjq2023@ahu.edu.cn','13856010042','245678042','yangjq_eng','2025-10-15 19:22:00'),
                          ('stu2023007','','','吴子昂','Stu2023!',1,340000,'安徽大学','外语学院','日语',1,'学生','wuziang2023@ahu.edu.cn','13856010043','245678043','wuziang_jp','2025-10-15 19:22:00'),
                          ('stu2023008','','','郑晓雨','Stu2023!',2,340000,'安徽大学','外语学院','日语',1,'学生','zhengxy2023@ahu.edu.cn','13856010044','245678044','zhengxy_jp','2025-10-15 19:22:00'),
                          ('stu2023009','','','王明','Stu2023!',1,340000,'安徽大学','艺术学院','音乐学',1,'学生','wangming2023@ahu.edu.cn','13856010045','245678045','wangming_music','2025-10-15 19:22:00'),
                          ('stu2023010','','','刘雅琪','Stu2023!',2,340000,'安徽大学','艺术学院','音乐学',1,'学生','liuyq2023@ahu.edu.cn','13856010046','245678046','liuyq_music','2025-10-15 19:22:00'),
                          ('stu2023011','','','陈宇','Stu2023!',1,340000,'安徽大学','艺术学院','美术学',1,'学生','chenyu2023@ahu.edu.cn','13856010047','245678047','chenyu_art','2025-10-15 19:22:00'),
                          ('stu2023012','','','赵梦琪','Stu2023!',2,340000,'安徽大学','艺术学院','美术学',1,'学生','zhaomq2023@ahu.edu.cn','13856010048','245678048','zhaomq_art','2025-10-15 19:22:00'),
                          ('stu2023013','','','孙浩','Stu2023!',1,340000,'安徽大学','体育学院','体育教育',1,'学生','sunhao2023@ahu.edu.cn','13856010049','245678049','sunhao_phys','2025-10-15 19:22:00'),
                          ('stu2023014','','','周雨桐','Stu2023!',2,340000,'安徽大学','体育学院','体育教育',1,'学生','zhouyt2023@ahu.edu.cn','13856010050','245678050','zhouyt_phys','2025-10-15 19:22:00'),
                          ('tea200601','','','张红梅','Tea2016!',2,340000,'安徽大学','文学院',NULL,2,'非心理部教职工','zhanghm_2006@ahu.edu.cn','13956030001','145678201','zhanghm_lang','2025-10-15 19:22:00'),
                          ('tea200702','','','李强','Tea2017!',1,340000,'安徽大学','计算机科学与技术学院',NULL,2,'非心理部教职工','liqiang_2007@ahu.edu.cn','13956030002','145678202','liqiang_cs','2025-10-15 19:22:00'),
                          ('tea200803','','','王丽娟','Tea2018!',2,340000,'安徽大学','数学科学学院',NULL,2,'非心理部教职工','wanglj_2008@ahu.edu.cn','13956030003','145678203','wanglj_math','2025-10-15 19:22:00'),
                          ('tea200904','','','赵建军','Tea2019!',1,340000,'安徽大学','管理学院',NULL,2,'非心理部教职工','zhaojj_2009@ahu.edu.cn','13956030004','145678204','zhaojj_mgmt','2025-10-15 19:22:00'),
                          ('tea201005','','','陈静','Tea2020!',2,340000,'安徽大学','经济学院',NULL,2,'非心理部教职工','chenjing_2010@ahu.edu.cn','13956030005','145678205','chenjing_eco','2025-10-15 19:22:00'),
                          ('tea201106','','','吴海涛','Tea2021!',1,340000,'安徽大学','法学院',NULL,2,'非心理部教职工','wuhaitao_2011@ahu.edu.cn','13956030006','145678206','wuhaitao_law','2025-10-15 19:22:00'),
                          ('tea201207','','','刘敏','Tea2022!',2,340000,'安徽大学','外语学院',NULL,2,'非心理部教职工','liumin_2012@ahu.edu.cn','13956030007','145678207','liumin_eng','2025-10-15 19:22:00'),
                          ('tea201308','','','黄伟','Tea2023!',1,340000,'安徽大学','电子信息工程学院',NULL,2,'非心理部教职工','huangwei_2013@ahu.edu.cn','13956030008','145678208','huangwei_ee','2025-10-15 19:22:00'),
                          ('tea201409','','','周丽','Tea2015!',2,340000,'安徽大学','新闻传播学院',NULL,2,'非心理部教职工','zhouli_2014@ahu.edu.cn','13956030009','145678209','zhouli_jour','2025-10-15 19:22:00'),
                          ('tea201501','','','李敏','Tea2015!',2,340000,'安徽大学','心理健康教育中心',NULL,2,'心理部咨询员','limin@ahu.edu.cn','13956010001','145678001','limin_tea','2025-10-15 19:22:00'),
                          ('tea201510','','','马明','Tea2024!',1,340000,'安徽大学','生命科学学院',NULL,2,'非心理部教职工','maming_2015@ahu.edu.cn','13956030010','145678210','maming_bio','2025-10-15 19:22:00'),
                          ('tea201602','','','张建国','Tea2016!',1,340000,'安徽大学','心理健康教育中心',NULL,2,'心理部咨询员','zhangjg@ahu.edu.cn','13956010002','145678002','zhang_jg','2025-10-15 19:22:00'),
                          ('tea201703','','','刘芳','Tea2017!',2,340000,'安徽大学','心理健康教育中心',NULL,2,'心理部咨询员','liuf@ahu.edu.cn','13956010003','145678003','liufang_psy','2025-10-15 19:22:00'),
                          ('tea201804','','','赵志强','Tea2018!',1,340000,'安徽大学','心理健康教育中心',NULL,2,'心理部咨询员','zhaozhq@ahu.edu.cn','13956010004','145678004','zhao_zq','2025-10-15 19:22:00'),
                          ('tea201905','','','陈明','Tea2019!',1,340000,'安徽大学','心理健康教育中心',NULL,2,'心理部咨询员','chenming@ahu.edu.cn','13956010005','145678005','chenming_psy','2025-10-15 19:22:00'),
                          ('tea202006','','','王静','Tea2020!',2,340000,'安徽大学','心理健康教育中心',NULL,2,'心理部咨询员','wangjing@ahu.edu.cn','13956010006','145678006','wangjing_tea','2025-10-15 19:22:00'),
                          ('tea202107','','','吴亮','Tea2021!',1,340000,'安徽大学','心理健康教育中心',NULL,2,'心理部咨询员','wuliang@ahu.edu.cn','13956010007','145678007','wuliang_psy','2025-10-15 19:22:00'),
                          ('tea202208','','','郑佳','Tea2022!',2,340000,'安徽大学','心理健康教育中心',NULL,2,'心理部咨询员','zhengjia@ahu.edu.cn','13956010008','145678008','zhengjia_tea','2025-10-15 19:22:00'),
                          ('tea202309','','','孙伟','Tea2023!',1,340000,'安徽大学','心理健康教育中心',NULL,2,'心理部咨询员','sunwei@ahu.edu.cn','13956010009','145678009','sunwei_psy','2025-10-15 19:22:00'),
                          ('tea202410','','','周琳','Tea2024!',2,340000,'安徽大学','心理健康教育中心',NULL,2,'心理部咨询员','zhoul@ahu.edu.cn','13956010010','145678010','zhoul_tea','2025-10-15 19:22:00');
/*!40000 ALTER TABLE `user` ENABLE KEYS */;
UNLOCK TABLES;

LOCK TABLES `appointment` WRITE;
DELETE FROM `appointment` WHERE TRUE;
/*!40000 ALTER TABLE `appointment` DISABLE KEYS */;
INSERT INTO `appointment` VALUES (1,'stu2021001','tea201501','考试压力大，注意力不集中','2025-10-23 14:00:00','2025-10-23 15:00:00','2025-10-21 09:30:00','CONFIRM'),
                                 (2,'stu2021005','tea201602','宿舍矛盾，沟通无效','2025-10-23 15:30:00','2025-10-23 16:30:00','2025-10-21 10:15:00','CONFIRM'),
                                 (3,'stu2021010','tea201703','考研焦虑，失眠严重','2025-10-24 09:00:00','2025-10-24 10:00:00','2025-10-21 11:00:00','RESCHEDULE'),
                                 (4,'stu2021015','tea201804','社交场合紧张，不敢说话','2025-10-24 10:30:00','2025-10-24 11:30:00','2025-10-21 13:45:00','REJECT'),
                                 (5,'stu2021020','tea201905','情绪低落，对事物无兴趣','2025-10-24 14:00:00','2025-10-24 15:00:00','2025-10-21 15:20:00','CONFIRM'),
                                 (6,'stu2022003','tea202006','学习动力不足，拖延严重','2025-10-25 09:30:00','2025-10-25 10:30:00','2025-10-21 08:50:00','CONFIRM'),
                                 (7,'stu2022007','tea202107','与父母沟通不畅，经常争吵','2025-10-25 11:00:00','2025-10-25 12:00:00','2025-10-21 09:40:00','RESCHEDULE'),
                                 (8,'stu2022010','tea202208','社团与学习平衡困难','2025-10-25 14:30:00','2025-10-25 15:30:00','2025-10-21 10:20:00','CONFIRM'),
                                 (9,'stu2022013','tea202309','自卑敏感，在意他人评价','2025-10-26 09:00:00','2025-10-26 10:00:00','2025-10-21 14:10:00','REJECT'),
                                 (10,'stu2022016','tea202410','体测焦虑，发挥失常','2025-10-26 10:30:00','2025-10-26 11:30:00','2025-10-21 16:30:00','CONFIRM'),
                                 (11,'stu2023002','tea201501','专业课难度大，跟不上进度','2025-10-27 14:00:00','2025-10-27 15:00:00','2025-10-21 09:10:00','CONFIRM'),
                                 (12,'stu2023005','tea201602','室友作息冲突，影响休息','2025-10-27 15:30:00','2025-10-27 16:30:00','2025-10-21 11:50:00','RESCHEDULE'),
                                 (13,'stu2023008','tea201703','兼职与学习时间分配矛盾','2025-10-28 09:00:00','2025-10-28 10:00:00','2025-10-21 13:20:00','CONFIRM'),
                                 (14,'stu2023010','tea201804','持续情绪低落，兴趣减退','2025-10-28 10:30:00','2025-10-28 11:30:00','2025-10-21 15:40:00','REJECT'),
                                 (15,'stu2023012','tea201905','论文选题焦虑，无头绪','2025-10-28 14:00:00','2025-10-28 15:00:00','2025-10-21 16:10:00','CONFIRM'),
                                 (16,'stu2021002','tea202006','考研复习计划不合理','2025-10-29 09:30:00','2025-10-29 10:30:00','2025-10-21 08:40:00','CONFIRM'),
                                 (17,'stu2021003','tea202107','家庭经济压力大，自卑','2025-10-29 11:00:00','2025-10-29 12:00:00','2025-10-21 09:20:00','RESCHEDULE'),
                                 (18,'stu2021004','tea202208','社交能力弱，朋友少','2025-10-29 14:30:00','2025-10-29 15:30:00','2025-10-21 10:50:00','CONFIRM'),
                                 (19,'stu2021006','tea202309','数学学习困难，挫败感强','2025-10-30 09:00:00','2025-10-30 10:00:00','2025-10-21 14:30:00','REJECT'),
                                 (20,'stu2021007','tea202410','摄影爱好与学业平衡','2025-10-30 10:30:00','2025-10-30 11:30:00','2025-10-21 15:10:00','CONFIRM'),
                                 (21,'stu2021008','tea201501','校园跑打卡压力大','2025-10-30 14:00:00','2025-10-30 15:00:00','2025-10-21 16:40:00','CONFIRM'),
                                 (22,'stu2021009','tea201602','自习效率低，易走神','2025-10-31 09:30:00','2025-10-31 10:30:00','2025-10-21 08:30:00','RESCHEDULE'),
                                 (23,'stu2021011','tea201703','考研小组意见分歧','2025-10-31 11:00:00','2025-10-31 12:00:00','2025-10-21 09:10:00','CONFIRM'),
                                 (24,'stu2021012','tea201804','时间管理混乱，效率低','2025-10-31 14:30:00','2025-10-31 15:30:00','2025-10-21 10:30:00','REJECT'),
                                 (25,'stu2021013','tea201905','退出社团后被孤立','2025-11-01 09:00:00','2025-11-01 10:00:00','2025-10-21 14:50:00','CONFIRM'),
                                 (26,'stu2021014','tea202006','800米体测恐惧','2025-11-01 10:30:00','2025-11-01 11:30:00','2025-10-21 15:30:00','CONFIRM'),
                                 (27,'stu2021016','tea202107','违规电器被没收后的焦虑','2025-11-01 14:00:00','2025-11-01 15:00:00','2025-10-21 16:20:00','RESCHEDULE'),
                                 (28,'stu2021017','tea202208','数据结构学习困难','2025-11-02 09:30:00','2025-11-02 10:30:00','2025-10-21 08:50:00','CONFIRM'),
                                 (29,'stu2021018','tea202309','宿舍矛盾反复，调解无效','2025-11-02 11:00:00','2025-11-02 12:00:00','2025-10-21 09:40:00','REJECT'),
                                 (30,'stu2021019','tea202410','心理咨询后续跟进','2025-11-02 14:30:00','2025-11-02 15:30:00','2025-10-21 10:20:00','CONFIRM'),
                                 (31,'stu2022001','tea201501','大二专业课适应困难','2025-11-03 09:00:00','2025-11-03 10:00:00','2025-10-21 14:10:00','CONFIRM'),
                                 (32,'stu2022002','tea201602','咨询前过度紧张','2025-11-03 10:30:00','2025-11-03 11:30:00','2025-10-21 16:30:00','RESCHEDULE'),
                                 (33,'stu2022004','tea201703','算法题刷题效率低','2025-11-03 14:00:00','2025-11-03 15:00:00','2025-10-21 09:10:00','CONFIRM'),
                                 (34,'stu2022005','tea201804','实习与考研选择困惑','2025-11-04 09:30:00','2025-11-04 10:30:00','2025-10-21 11:50:00','REJECT'),
                                 (35,'stu2022006','tea201905','宿舍关系改善方法咨询','2025-11-04 11:00:00','2025-11-04 12:00:00','2025-10-21 13:20:00','CONFIRM'),
                                 (36,'stu2022008','tea202006','时间管理APP使用无效','2025-11-04 14:30:00','2025-11-04 15:30:00','2025-10-21 15:40:00','CONFIRM'),
                                 (37,'stu2022009','tea202107','摄影爱好与学业冲突','2025-11-05 09:00:00','2025-11-05 10:00:00','2025-10-21 16:10:00','RESCHEDULE'),
                                 (38,'stu2022011','tea202208','实习简历准备焦虑','2025-11-05 10:30:00','2025-11-05 11:30:00','2025-10-21 08:40:00','CONFIRM'),
                                 (39,'stu2022012','tea202309','自习地点选择困惑','2025-11-05 14:00:00','2025-11-05 15:00:00','2025-10-21 09:20:00','REJECT'),
                                 (40,'stu2022014','tea202410','校园卡丢失后的自责','2025-11-06 09:30:00','2025-11-06 10:30:00','2025-10-21 10:50:00','CONFIRM'),
                                 (41,'stu2022015','tea201501','心理咨询方法反馈','2025-11-06 11:00:00','2025-11-06 12:00:00','2025-10-21 14:30:00','CONFIRM'),
                                 (42,'stu2023001','tea201602','微积分学习困难','2025-11-06 14:30:00','2025-11-06 15:30:00','2025-10-21 15:10:00','RESCHEDULE'),
                                 (43,'stu2023003','tea201703','上课被批评后的恐惧','2025-11-07 09:00:00','2025-11-07 10:00:00','2025-10-21 16:40:00','CONFIRM'),
                                 (44,'stu2023004','tea201804','情绪低落快速调整方法','2025-11-07 10:30:00','2025-11-07 11:30:00','2025-10-21 08:30:00','REJECT'),
                                 (45,'stu2023006','tea201905','800米训练计划制定','2025-11-07 14:00:00','2025-11-07 15:00:00','2025-10-21 09:10:00','CONFIRM'),
                                 (46,'stu2023007','tea202006','心理健康方向论文选题','2025-11-08 09:30:00','2025-11-08 10:30:00','2025-10-21 10:30:00','CONFIRM'),
                                 (47,'stu2023009','tea202107','首次咨询准备事项','2025-11-08 11:00:00','2025-11-08 12:00:00','2025-10-21 14:50:00','RESCHEDULE'),
                                 (48,'stu2023011','tea202208','勤工助学面试紧张','2025-11-08 14:30:00','2025-11-08 15:30:00','2025-10-21 15:30:00','CONFIRM'),
                                 (49,'stu2023013','tea202309','跑步呼吸技巧学习','2025-11-09 09:00:00','2025-11-09 10:00:00','2025-10-21 16:20:00','REJECT'),
                                 (50,'stu2023014','tea202410','课堂发言勇气培养','2025-11-09 10:30:00','2025-11-09 11:30:00','2025-10-21 08:50:00','CONFIRM');
/*!40000 ALTER TABLE `appointment` ENABLE KEYS */;
UNLOCK TABLES;

LOCK TABLES `post` WRITE;
DELETE FROM `post` WHERE TRUE;
/*!40000 ALTER TABLE `post` DISABLE KEYS */;
INSERT INTO `post` VALUES (1,'大一新生报道需要带什么？','马上要报道了，除了录取通知书，还有哪些必备物品？求学长学姐支招','stu2021001','2025-10-01 09:15:30',0,1),
                          (2,'高数期末复习重点整理','整理了微积分前5章的重点公式，需要的同学可以私我，免费分享','stu2021005','2025-10-02 16:40:12',0,1),
                          (3,'想组建一个考研学习小组','目标是明年考研，想找3-4个同专业的同学一起打卡学习，有无意向？','stu2021010','2025-10-03 11:22:55',0,1),
                          (4,'宿舍限电功率是多少？','想买个小功率煮锅，怕跳闸，有人知道具体限电标准吗？','stu2021015','2025-10-04 20:30:08',1,1),
                          (5,'校园卡丢了怎么补办？','今天在图书馆丢了校园卡，补办流程是什么？需要带身份证吗？','stu2021020','2025-10-05 10:05:42',0,1),
                          (6,'心理咨询预约成功啦','终于约到了周三下午的咨询，有点紧张但又期待能解决问题','stu2022003','2025-10-06 14:20:19',1,0),
                          (7,'分享一波校园美景图','昨天傍晚在操场拍的晚霞，真的绝了！放在评论区了','stu2022007','2025-10-07 18:50:33',0,1),
                          (8,'如何平衡社团和学习？','加了两个社团后感觉时间完全不够用，作业经常熬夜赶','stu2022010','2025-10-08 21:15:27',0,1),
                          (9,'推荐学校附近的自习室','图书馆座位太抢手了，发现南门有家24小时自习室，环境不错','stu2022013','2025-10-09 08:40:05',0,1),
                          (10,'体测800米怎么练能过？','还有两周体测，800米一直是弱项，求速成训练方法','stu2022016','2025-10-10 15:30:41',1,1),
                          (11,'专业课太难跟不上怎么办','数据结构听得一脸懵，有没有学长能推荐些入门资料？','stu2023002','2025-10-11 10:18:22',0,1),
                          (12,'宿舍关系处理求助','和室友生活习惯差异太大，经常有小摩擦，该怎么沟通？','stu2023005','2025-10-12 22:05:17',1,0),
                          (13,'兼职信息分享','学校勤工助学中心招图书管理员，每周3次，时薪20，要的速报','stu2023008','2025-10-13 13:45:30',0,1),
                          (14,'情绪低落时该做些什么','最近总是提不起精神，不想学习也不想社交，正常吗？','stu2023010','2025-10-14 17:20:09',1,0),
                          (15,'期末论文选题求建议','心理学导论的结课论文，选什么主题比较好写又有深度？','stu2023012','2025-10-15 14:10:55',0,1),
                          (16,'校园跑打卡攻略','发现西区环路刷圈最容易计数，亲测有效，再也不怕断签了','stu2021008','2025-10-16 07:50:22',0,1),
                          (17,'寒假实习怎么找？','想找专业相关的实习，除了校招网还有哪些靠谱渠道？','stu2022005','2025-10-17 16:35:40',0,1),
                          (18,'被老师当众批评后很焦虑','上课回答错问题被点名批评，现在一上课就紧张，怎么办？','stu2023003','2025-10-18 20:40:15',1,0),
                          (19,'分享一个时间管理APP','用「番茄Todo」坚持了一个月，效率提升太多，推荐给大家','stu2021012','2025-10-19 11:25:33',0,1),
                          (20,'毕业答辩流程有哪些？','明年就要答辩了，想提前了解下流程和注意事项，求经验','stu2022011','2025-10-20 15:10:28',0,1);
/*!40000 ALTER TABLE `post` ENABLE KEYS */;
UNLOCK TABLES;

LOCK TABLES `reply` WRITE;
DELETE FROM `reply` WHERE TRUE;
/*!40000 ALTER TABLE `reply` DISABLE KEYS */;
INSERT INTO `reply` VALUES (1,'带录取通知书、身份证、档案，一寸照片多备几张！',1,'stu2021002','2025-10-01 10:00:15'),
                           (2,'被褥可以在学校买，质量还行，不用自己带',1,'stu2022001','2025-10-01 11:30:00'),
                           (3,'记得提前关注学校公众号，有报道流程指引',1,'tea201501','2025-10-01 14:20:22'),
                           (4,'同问，我也想知道需要带什么',1,'stu2023002','2025-10-01 16:40:00'),
                           (5,'档案一定要密封好，不然学校不收',1,'stu2021006','2025-10-02 09:10:25'),
                           (6,'求一份！微积分真的太难了',2,'stu2023001','2025-10-02 17:10:30'),
                           (7,'我有第五章的习题解析，可以一起分享',2,'stu2021006','2025-10-02 18:30:15'),
                           (8,'重点在微分方程部分，历年考题都有涉及',2,'tea201005','2025-10-02 20:15:00'),
                           (9,'第五章的重点是拉格朗日中值定理',2,'stu2021011','2025-10-03 09:40:30'),
                           (10,'我有往年真题，需要的话私我',2,'stu2023005','2025-10-03 14:20:15'),
                           (11,'我想加入！目标院校是同专业',3,'stu2021011','2025-10-03 12:05:40'),
                           (12,'可以用腾讯文档建个打卡表，方便同步进度',3,'stu2022008','2025-10-03 15:30:22'),
                           (13,'建议每周组织一次线下讨论，效率更高',3,'tea201804','2025-10-03 17:45:10'),
                           (14,'我也是同专业，求拉我进群',3,'stu2021013','2025-10-04 10:30:25'),
                           (15,'每天固定3小时学习，效率很高',3,'stu2022009','2025-10-04 16:20:18'),
                           (16,'宿舍限电500W，超过会自动断电',4,'stu2021016','2025-10-04 21:10:10'),
                           (17,'煮锅属于违规电器，查到会没收的',4,'stu2022014','2025-10-04 22:05:05'),
                           (18,'食堂早餐挺丰富的，没必要用煮锅',4,'tea202006','2025-10-05 08:30:30'),
                           (19,'买个功率转换器就行，别被发现',4,'stu2021015','2025-10-05 11:20:10'),
                           (20,'食堂的早餐包子挺好吃的',4,'stu2022012','2025-10-05 13:40:25'),
                           (21,'在行政楼一楼大厅，带身份证即可补办',5,'stu2021003','2025-10-05 11:10:25'),
                           (22,'补办后原卡余额会自动转移，放心',5,'stu2023006','2025-10-05 13:25:18'),
                           (23,'记得先在APP上挂失，避免被盗刷',5,'tea201308','2025-10-05 15:40:00'),
                           (24,'补办需要交20元工本费',5,'stu2021017','2025-10-06 09:30:30'),
                           (25,'挂失后24小时才能补办',5,'stu2022014','2025-10-06 14:10:15'),
                           (26,'第一次咨询都紧张，放轻松就好',6,'stu2022002','2025-10-06 15:05:30'),
                           (27,'李老师很温柔的，不用有压力',6,'stu2023009','2025-10-06 16:30:12'),
                           (28,'可以提前写好想聊的问题，提高效率',6,'tea200904','2025-10-06 18:15:45'),
                           (29,'咨询时长是50分钟，把握好时间',6,'stu2021019','2025-10-07 10:20:25'),
                           (30,'提前10分钟到就行，不用太早',6,'stu2022015','2025-10-07 14:10:40'),
                           (31,'求原图！太美了吧',7,'stu2021007','2025-10-07 19:30:20'),
                           (32,'昨天的晚霞确实绝，我也拍了',7,'stu2022009','2025-10-07 20:15:33'),
                           (33,'校园里的秋天值得多记录',7,'tea201602','2025-10-08 09:40:15'),
                           (34,'我也拍了，角度不同，一起发出来',7,'stu2021003','2025-10-08 14:20:15'),
                           (35,'校园的秋天真的太美了',7,'stu2022006','2025-10-08 16:50:33'),
                           (36,'建议退一个社团，贪多嚼不烂',8,'stu2021013','2025-10-08 22:00:10'),
                           (37,'用四象限法规划时间，优先处理重要的',8,'stu2023011','2025-10-09 08:40:40'),
                           (38,'学习为主，社团是辅助成长的',8,'tea201905','2025-10-09 10:15:00'),
                           (39,'我加了三个社团，已经快疯了',8,'stu2021007','2025-10-09 15:30:30'),
                           (40,'用时间管理APP真的有用',8,'stu2022008','2025-10-09 16:40:18'),
                           (41,'那家自习室我去过，Wi-Fi很快',9,'stu2021009','2025-10-09 09:25:10'),
                           (42,'图书馆早上7点开门，早去能抢到位置',9,'stu2022012','2025-10-09 10:50:25'),
                           (43,'教学楼空教室也可以自习，人少安静',9,'tea201207','2025-10-09 14:30:30'),
                           (44,'自习室需要预约吗？还是直接去',9,'stu2021009','2025-10-09 16:10:10'),
                           (45,'我一般去教学楼4楼，人很少',9,'stu2022010','2025-10-10 09:20:25'),
                           (46,'每天跑两圈，坚持一周就有效果',10,'stu2021014','2025-10-10 16:15:20'),
                           (47,'跑前记得热身，不然容易抽筋',10,'stu2023013','2025-10-10 17:40:18'),
                           (48,'呼吸节奏很重要，三步一呼三步一吸',10,'tea200803','2025-10-10 19:20:05'),
                           (49,'跑的时候跟着大部队，能省力',10,'stu2021012','2025-10-11 08:30:20'),
                           (50,'考前三天突击训练，效果显著',10,'stu2022011','2025-10-11 14:10:18'),
                           (51,'推荐看《数据结构与算法分析》，很基础',11,'stu2021017','2025-10-11 11:05:30'),
                           (52,'B站有王树森老师的课，讲得很细',11,'stu2022004','2025-10-11 13:20:22'),
                           (53,'可以去系里找助教答疑，每周有固定时间',11,'tea201703','2025-10-11 15:40:10'),
                           (54,'数据结构要多画图，理解更深刻',11,'stu2021014','2025-10-11 16:50:30'),
                           (55,'可以从简单的算法题开始练',11,'stu2022013','2025-10-12 09:10:22'),
                           (56,'可以开个宿舍会议，制定作息表',12,'stu2021018','2025-10-12 22:50:15'),
                           (57,'我之前也这样，后来找辅导员调解好了',12,'stu2022006','2025-10-13 09:30:40'),
                           (58,'互相包容很重要，也可以申请调换宿舍',12,'tea202107','2025-10-13 14:20:00'),
                           (59,'我和室友也有矛盾，后来各让一步好了',12,'stu2021016','2025-10-13 16:15:15'),
                           (60,'保持距离感，反而关系更好',12,'stu2022016','2025-10-13 18:40:40'),
                           (61,'这个岗位挺好的，还能顺便看书',13,'stu2021019','2025-10-13 14:30:20'),
                           (62,'报名截止到周五，要快！',13,'stu2023004','2025-10-13 15:45:15'),
                           (63,'勤工助学优先考虑家庭困难学生哦',13,'tea202208','2025-10-13 16:50:25'),
                           (64,'这个兼职还能加实践学分',13,'stu2021018','2025-10-14 09:30:20'),
                           (65,'我之前做过，工作很轻松',13,'stu2022002','2025-10-14 14:10:15'),
                           (66,'我也有过，出去走走晒晒太阳会好点',14,'stu2021004','2025-10-14 18:05:30'),
                           (67,'试试每天做一件小事，慢慢找回状态',14,'stu2022015','2025-10-14 19:30:40'),
                           (68,'如果持续超过两周，建议找心理老师聊聊',14,'tea202309','2025-10-15 10:20:10'),
                           (69,'我也是，可能是天气影响心情',14,'stu2021002','2025-10-15 14:30:30'),
                           (70,'试试听欢快的音乐，能改善情绪',14,'stu2022001','2025-10-15 16:10:40'),
                           (71,'积极心理学方向比较好写，资料多',15,'stu2021012','2025-10-15 15:05:20'),
                           (72,'我选的是青少年心理健康，导师很满意',15,'stu2023007','2025-10-15 16:30:18'),
                           (73,'选题不宜太大，聚焦一个具体问题更好',15,'tea200702','2025-10-15 17:45:00'),
                           (74,'社会心理学也不错，案例很多',15,'stu2021004','2025-10-16 09:20:20'),
                           (75,'导师更看重研究方法是否正确',15,'stu2022005','2025-10-16 14:40:18'),
                           (76,'东区操场也不错，人少圈数准',16,'stu2021008','2025-10-16 08:35:10'),
                           (77,'下雨天可以去地下车库刷，亲测有效',16,'stu2022005','2025-10-16 10:10:33'),
                           (78,'记得穿舒适的鞋子，避免受伤',16,'tea201409','2025-10-16 14:20:25'),
                           (79,'校园跑必须每天跑吗？还是累计',16,'stu2021006','2025-10-16 16:00:10'),
                           (80,'每月累计20公里就行，不用每天',16,'stu2022007','2025-10-17 09:30:33'),
                           (81,'实习僧和BOSS直聘都挺靠谱的',17,'stu2021020','2025-10-17 17:20:15'),
                           (82,'学校就业网的信息更匹配我们专业',17,'stu2022011','2025-10-17 18:40:40'),
                           (83,'可以找辅导员要往届学长的实习单位名单',17,'tea200601','2025-10-18 10:15:10'),
                           (84,'寒假实习竞争大，早点投简历',17,'stu2021008','2025-10-18 14:30:15'),
                           (85,'实习证明很重要，记得要盖章',17,'stu2022009','2025-10-18 16:10:40'),
                           (86,'老师批评是为了让你进步，别太在意',18,'stu2021001','2025-10-18 21:25:20'),
                           (87,'我之前也这样，后来主动问老师问题就好了',18,'stu2023014','2025-10-19 09:40:15'),
                           (88,'上课前多预习，回答问题会更有底气',18,'tea201106','2025-10-19 14:20:30'),
                           (89,'我也被批评过，后来努力学好了',18,'stu2021010','2025-10-19 16:30:20'),
                           (90,'别害怕犯错，谁都有不懂的',18,'stu2022010','2025-10-19 18:20:15'),
                           (91,'我用Forest，能种树还能专注',19,'stu2021010','2025-10-19 12:10:25'),
                           (92,'番茄工作法确实有效，25分钟一轮',19,'stu2022007','2025-10-19 14:30:18'),
                           (93,'关键还是要远离手机，专注当下',19,'tea202410','2025-10-19 16:45:05'),
                           (94,'我用滴答清单，管理任务很方便',19,'stu2021011','2025-10-20 09:20:25'),
                           (95,'关键是坚持，刚开始很难',19,'stu2022012','2025-10-20 11:10:18'),
                           (96,'答辩前多模拟几次，熟悉PPT',20,'stu2021005','2025-10-20 15:10:28'),
                           (97,'老师主要看逻辑和创新点，内容不用太多',20,'stu2022016','2025-10-20 15:10:28'),
                           (98,'提前一周提交论文，留修改时间',20,'tea201510','2025-10-20 15:10:28'),
                           (99,'答辩PPT控制在10页以内最好',20,'stu2021013','2025-10-20 15:10:28'),
                           (100,'提前准备好老师可能问的问题',20,'stu2022013','2025-10-20 15:10:28');
/*!40000 ALTER TABLE `reply` ENABLE KEYS */;
UNLOCK TABLES;



-- Dump completed on 2025-10-15 19:21:26